Position,Company,Location,URL
Software Engineer  Ecosystem (Korea)ì˜ ì „ì²´ ì„¸ë¶€ ì •ë³´,Aptos,ì„œìš¸,https://kr.indeed.com/rc/clk?jk=bae43ddafecac6d4&fccid=4edf6f7283dd42ad&vjs=3
Developer Relations Engineer  Koreaì˜ ì „ì²´ ì„¸ë¶€ ì •ë³´,Aptos,ì„œìš¸,https://kr.indeed.com/rc/clk?jk=ae60022ba454a81b&fccid=4edf6f7283dd42ad&vjs=3
Software Engineer  Embedded Systems  Android OSì˜ ì „ì²´ ì„¸ë¶€ ì •ë³´,Google,ì„œìš¸,https://kr.indeed.com/rc/clk?jk=eaace896c53a52bd&fccid=a5b4499d9e91a5c6&vjs=3
Head of Engineering  APACì˜ ì „ì²´ ì„¸ë¶€ ì •ë³´,KidsLoop,ì„œìš¸,https://kr.indeed.com/rc/clk?jk=8e6f6e808424f53a&fccid=19f4c42fdc406625&vjs=3
System Trading Engineerì˜ ì „ì²´ ì„¸ë¶€ ì •ë³´,LINE Plus corporation,ëŒ€í•œë¯¼êµ­,https://kr.indeed.com/rc/clk?jk=826ff91582a036c7&fccid=e90e80bc9ed9a53f&vjs=3
Blockchain Mainnet Engineerì˜ ì „ì²´ ì„¸ë¶€ ì •ë³´,ë¼ì¸ë„¥ìŠ¤íŠ¸,ì„±ë‚¨ ë¶„ë‹¹êµ¬,https://kr.indeed.com/rc/clk?jk=df68297045189959&fccid=74a4810da0f72037&vjs=3
Blockchain Mainnet Engineer NEWì˜ ì „ì²´ ì„¸ë¶€ ì •ë³´,LINE Plus corporation,ëŒ€í•œë¯¼êµ­,https://kr.indeed.com/rc/clk?jk=6d2f52f933e550e3&fccid=e90e80bc9ed9a53f&vjs=3
Senior Audio/Video Frontend Engineerì˜ ì „ì²´ ì„¸ë¶€ ì •ë³´,KidsLoop,ì„œìš¸,https://kr.indeed.com/rc/clk?jk=0dbde9cf1494f6d6&fccid=19f4c42fdc406625&vjs=3
Junior Audio/Video Backend Engineerì˜ ì „ì²´ ì„¸ë¶€ ì •ë³´,KidsLoop,ì„œìš¸,https://kr.indeed.com/rc/clk?jk=cba016683633aeb9&fccid=19f4c42fdc406625&vjs=3
Observability Backend Engineerì˜ ì „ì²´ ì„¸ë¶€ ì •ë³´,LINE Plus corporation,ëŒ€í•œë¯¼êµ­,https://kr.indeed.com/rc/clk?jk=e4a3fd6ec71f098d&fccid=e90e80bc9ed9a53f&vjs=3
CÂ·C++  C# ì™¸ ê²½ë ¥ ì •ê·œì§  í”„ë¦¬ëœì„œì˜ ì „ì²´ ì„¸ë¶€ ì •ë³´,ë¸Œì´ìŠ¤íŠ¸ë¡œ,ì„œìš¸ ìš©ì‚°êµ¬,https://kr.indeed.com/rc/clk?jk=2f97cf678e2a6a78&fccid=823ff888a73e48d1&vjs=3
Senior Audio/ Video Backend Engineerì˜ ì „ì²´ ì„¸ë¶€ ì •ë³´,KidsLoop,ì„œìš¸,https://kr.indeed.com/rc/clk?jk=2e72ab59ec738fcf&fccid=19f4c42fdc406625&vjs=3
Junior Audio/ Video DevOps Engineerì˜ ì „ì²´ ì„¸ë¶€ ì •ë³´,KidsLoop,ì„œìš¸,https://kr.indeed.com/rc/clk?jk=45ee4568a7c7d2a5&fccid=19f4c42fdc406625&vjs=3
[NEW STATE Mobile] ëª¨ë°”ì¼ Anti-Cheat ì—”ì§€ë‹ˆì–´ (3ë…„ ì´ìƒ)ì˜ ì „ì²´ ì„¸ë¶€ ì •ë³´,í¬ë˜í”„í†¤,ì„œìš¸ ì„œì´ˆêµ¬,https://kr.indeed.com/rc/clk?jk=6c5c9a21627ea96d&fccid=0aeb279b74dee723&vjs=3
ë‹¤ì°¨ì› ì»¨í…ì¸  í”Œë«í¼íšŒì‚¬(ì˜ìƒë¶„ì•¼)  Product Designer(UX/Visual)  Fronì˜ ì „ì²´ ì„¸ë¶€ ì •ë³´,ì½”ì–´í¬ì¸íŠ¸,ì„œìš¸ ê°•ë‚¨êµ¬,https://kr.indeed.com/rc/clk?jk=f254fb1118fea7c7&fccid=a71819ff34fb2d90&vjs=3
Full Stack Engineer (Marketing),Trustworthy,North America Only,https://weworkremotely.com/remote-jobs/trustworthy-full-stack-engineer-marketing
Mobile Engineer  React Native,Trustworthy,Anywhere in the World,https://weworkremotely.com/remote-jobs/trustworthy-mobile-engineer-react-native-1
Senior Backend Engineer (Rust),Cows Protocol ,Anywhere in the World,https://weworkremotely.com/remote-jobs/cows-protocol-senior-backend-engineer-rust
Rust Distributed Systems Engineer,WalletConnect,Anywhere in the World,https://weworkremotely.com/remote-jobs/walletconnect-rust-distributed-systems-engineer
Rust Developer Web3 (Remote),Aldrin,Anywhere in the World,https://weworkremotely.com/remote-jobs/aldrin-rust-developer-web3-remote
Psychic & Tarot Readers - Remote Positions,Trusted Psychics,Anywhere in the World,https://weworkremotely.com/remote-jobs/trusted-psychics-psychic-tarot-readers-remote-positions
Rust Engineer,RISC Zero,ğŸŒ Worldwide,https://remoteok.com//remote-jobs/112320-remote-rust-engineer-risc-zero
Senior Rust Developer,RDX Works,ğŸŒ Worldwide,https://remoteok.com//remote-jobs/112225-remote-senior-rust-developer-rdx-works
Senior Developer,Commit,ğŸ‡¨ğŸ‡¦ Canada,https://remoteok.com//remote-jobs/112196-remote-senior-developer-commit
Developer Advocate,RDX Works,ğŸŒ Worldwide,https://remoteok.com//remote-jobs/111996-remote-developer-advocate-rdx-works
Systems Software Engineer Virtual Machines,RDX Works,ğŸŒ Worldwide,https://remoteok.com//remote-jobs/112012-remote-systems-software-engineer-virtual-machines-rdx-works
Lead Cryptographer,ReadyTal,ğŸŒ Worldwide,https://remoteok.com//remote-jobs/111618-remote-lead-cryptographer-readytal
Senior Software Engineer,Commit,ğŸ‡¨ğŸ‡¦ Canada,https://remoteok.com//remote-jobs/111143-remote-senior-software-engineer-commit
Senior Java Developer,RDX Works,ğŸŒ Worldwide,https://remoteok.com//remote-jobs/111431-remote-senior-java-developer-rdx-works
Smart Contract Developer,DAOHQ,ğŸŒ Worldwide,https://remoteok.com//remote-jobs/110573-remote-smart-contract-developer-daohq
Senior Full Stack Developer,Commit,ğŸ‡¨ğŸ‡¦ Canada,https://remoteok.com//remote-jobs/110140-remote-senior-full-stack-developer-commit
Developer Advocate,Bytewax,ğŸŒ Worldwide,https://remoteok.com//remote-jobs/110498-remote-developer-advocate-bytewax
Senior Rust Software Engineer,RDX Works,ğŸŒ Worldwide,https://remoteok.com//remote-jobs/110340-remote-senior-rust-software-engineer-rdx-works
Full Stack Web3 Co Founder,Gemmy,ğŸŒ Worldwide,https://remoteok.com//remote-jobs/110280-remote-full-stack-web3-co-founder-gemmy
